{"cameraMode":{"drawMode":0,"name":"Shaded","section":"Shading Mode"},"sceneLighting":false,"audioPlay":false,"sceneViewState":{"m_AlwaysRefresh":false,"showFog":true,"showSkybox":false,"showFlares":true,"showImageEffects":true,"showParticleSystems":true,"showVisualEffectGraphs":true,"m_FxEnabled":true},"in2DMode":false,"pivot":{"x":1.3744869232177735,"y":-3.554771661758423,"z":1.1145045757293702},"rotation":{"x":0.18100009858608247,"y":-0.17800255119800569,"z":0.03332945704460144,"w":0.966667652130127},"size":15.814427375793457,"orthographic":false}